placeName,alternativeTitle,creatorContributor,dateCreatedDateIssued,owningRepository,sourceCollectionName,sourceCollectionURI,sourceCollectionLocalIdentifier,type,formMedium,genre,extent,language,topic,timePeriodCovered,geographicCoverage,geographicCode,cartographicInformation,identifierUTLDAMSPID,identifierLocal,relatedResourceHost,relatedResourceOther,primaryTitle,description,license,identifierPID,thumbnailURI,IIIFImage,IIIFResource,dateAdded,manifestURI,extra
"MX| Diocese of Guadalajara| Ameca, Jalisco, Mexico@en|Diócesis de Guadalajara| Ameca, Jalisco, México@es|",Descripción de Ameca@en|Descripción de Ameca@es|,"unknown (artist)| Leyva, Antonio de (contributor)| Moras, Pedro de (scribe)| Bejarano, Pedro (signer)| Núñez, Juan (signer)| Cortes, Martín (signer)| Mesa, Francisco de (signer)| Vázquez, Juan (signer)| García Icazbalceta, Joaquín,‏ ‎1825-1894 (collector)@en",1579-10-02@en,"Benson Latin American Collection, LLILAS Benson Latin American Studies and Collections, The University of Texas at Austin@en",Relaciones Geográficas of Mexico and Guatemala@en,https://txarchives.org/utlac/finding_aids/00056.xml@en,JGI XXIII-10@en,maps (documents)| mapas| cartographic| maps (documents)| mapas| landscapes (representations)| paisajes (representación)| watercolors (paintings)| acuarelas (obra visual)@en,maps (documents)@en|mapas@es|,maps (documents)| landscapes (representations)| watercolors (paintings)@en|mapas| paisajes (representación)| acuarelas (obra visual)@es|,"1 map, 43 x 31.5 cm@en",Spanish| spa@en,"Art--16th century--New Spain| Indigenous peoples--Mexico--Art| Indigenous peoples--Mexico--History--Sources| Manuscripts, Mexican| New Spain--Description and travel| New Spain--History--Sources| New Spain--Maps, Manuscript| Spain--Colonies--History--Sources| Mexico--History--16th century--Sources@en|Arte--Siglo XVI--Nueva España| Pueblos indígenas--México--Arte| Pueblos indígenas--México--Historia--Fuentes| Manuscritos, Mexicanos| Nueva España--Descripción y viaje| Nueva España--Historia--Fuentes| Nueva España--Mapas, Manuscritos| España--Colonias--Historia--Fuentes| México--Historia--Siglo XVI--Fuentes@es|",16th century@en,Mexico (country)| Jalisco (state)| Ameca (city)@en,MX@en,"20.547647, -104.04662@en",utblac:38127378-7a33-412f-a425-cc511ff1d351@en,JGI_XXIII-10_Ameca_map@en,Joaquín García Icazbalceta Manuscript Collection (title)| https://txarchives.org/utlac/finding_aids/00036.xml (uri)@en,Relación de Ameca (title)| https://collections.lib.utexas.edu/catalog/utblac:24db164c-91c4-423a-af08-3e163774a3d7 (local)@en,Pintura de Ameca@es|Pintura de Ameca@en|,"Visual representation of Ameca, initially located in the Archdiocese of Mexico (now under the Diocese of Guadalajara). Created by an unknown artist, the map depicts the administrative capital of Ameca and the surrounding communities and landscape. Centered on the map is the Pueblo de Ameca with its principal church, plaza, jail, and royal houses. Surrounding the plaza and central buildings are the houses of the town of Ameca. A river with various branches is seen throughout the map as well as two ranges of mountains that mark the left and right of the map. The main roads are marked and labeled, reaching outlying cities like Ixcatlan, Guadalajara, las minas de Guachingo, minas de Palmarejo, Mexico, and the province of Avalos. There are a good number of farms and properties shown and corresponding labels of their owners. Some of these include the different wheat farms of Juan Sanchez, Juan Vazquez, Juan Nunez, and Francisco de Mesa. Other farms of livestock include the sheep farms of Uergara, Martin Jurado, and Nuno de Lemos. A few smaller towns depicted include Jayamitlan and Huitzquilic. Created in response to question ten listed within the relación geográfica questionnaire for Ameca.@en",https://creativecommons.org/publicdomain/mark/1.0/@en,utblac:38127378-7a33-412f-a425-cc511ff1d351,https://curio.lib.utexas.edu/assets/DAMS/utblac/utblac_38127378-7a33-412f-a425-cc511ff1d351/TN/utblac_38127378-7a33-412f-a425-cc511ff1d351.jpg,https://curio.lib.utexas.edu/assets/images/utldams_utblac_38127378-7a33-412f-a425-cc511ff1d351.jp2,https://curio.lib.utexas.edu/assets/images/utldams_utblac_38127378-7a33-412f-a425-cc511ff1d351.jp2,2022-01-14,https://curio.lib.utexas.edu/assets/DAMS/utblac/utblac_38127378-7a33-412f-a425-cc511ff1d351/manifests/2/utblac_38127378-7a33-412f-a425-cc511ff1d351.json,
"MX| Diocese of Tlaxcala| Coxcatlán, Puebla, Mexico@en|Diócesis de Tlaxcala| Coxcatlán, Puebla, México@es|",Descripción de Cuzcatlan@en|Descripción de Cuzcatlan@es|,"unknown (artist)| Castañeda León, Juan de (signer)| García, Pero (interpreter)| Cortes, Martin (contributor)| García, Alonso (scribe)| García Icazbalceta, Joaquín,‏ ‎1825-1894 (collector)@en",1580-10-26@en,"Benson Latin American Collection, LLILAS Benson Latin American Studies and Collections, The University of Texas at Austin@en",Relaciones Geográficas of Mexico and Guatemala@en,https://txarchives.org/utlac/finding_aids/00056.xml@en,JGI XXIII-15@en,maps (documents)| mapas| cartographic| maps (documents)| mapas| landscapes (representations)| paisajes (representación)| watercolors (paintings)| acuarelas (obra visual)@en,maps (documents)@en|mapas@es|,maps (documents)| landscapes (representations)| watercolors (paintings)@en|mapas| paisajes (representación)| acuarelas (obra visual)@es|,"1 map, 43 x 30 cm@en",Spanish| spa@en,"Art--16th century--New Spain| Indigenous peoples--Mexico--Art| Indigenous peoples--Mexico--History--Sources| Manuscripts, Mexican| New Spain--Description and travel| New Spain--History--Sources| New Spain--Maps, Manuscript| Spain--Colonies--History--Sources| Mexico--History--16th century--Sources@en|Arte--Siglo XVI--Nueva España| Pueblos indígenas--México--Arte| Pueblos indígenas--México--Historia--Fuentes| Manuscritos, Mexicanos| Nueva España--Descripción y viaje| Nueva España--Historia--Fuentes| Nueva España--Mapas, Manuscritos| España--Colonias--Historia--Fuentes| México--Historia--Siglo XVI--Fuentes@es|",16th century@en,Mexico (country)| Puebla (state)| Coxcatlán (city)@en,MX@en,"18.266262, -97.147278@en",utblac:e38f8f71-f967-46fb-9493-1edec8cbc1b3@en,JGI_XXIII-15_Cuzcatlan_map@en,Joaquín García Icazbalceta Manuscript Collection (title)| https://txarchives.org/utlac/finding_aids/00036.xml (uri)@en,Relación de Cuzcatlan (title)| https://collections.lib.utexas.edu/catalog/utblac:1dafc85c-ba6b-45cc-8975-fd9b2cfd1f2b (local)@en,Pintura de Cuzcatlan@es|Pintura de Cuzcatlan@en|,"Visual representation of Cuzcatlan, located in the Diocese of Tlaxcala. Created by an unknown indigenous artist, the map depicts the administrative capital of Cuzcatlan and the surrounding communities and landscape. The principal church and fountain of Cuzcatlan are seen in the upper center of the map. Roads and footpaths lead to the outlying communities that fall within the Cuzcatlan jurisdiction. The towns are represented by either a church or a traditional house and include San Francisco Istlaman (Xitlaman) (S Franco Istlaman (Xitlaman)), Santa María Jujutla (Sta Mra Jujutla), San Martín Mazateopan (S Mín Mazateopan), San Joseph Petlapan (S Joseph Petlapan), Santiago Tilapa (Stiago Tilapa), Santa María Calipan (Sta María Calipan), San Mateo Tlacuchcalco (S Mateo Tlacuchcalco), San Antonio Comulco (S Anto Comulco), San Pedro Otontepetl (S Po Otontepetl), a church without a label, thought to be San Juan Ajusco, and San Jerónimo Asuchitlan. Irrigated fields near prominent rivers are seen throughout the map along with squares representing salt production on the lower half of the map. Toponyms and glyphs are also seen throughout the map. Created in response to question ten listed within the relación geográfica questionnaire for Cuzcatlan.@en",https://creativecommons.org/publicdomain/mark/1.0/@en,utblac:e38f8f71-f967-46fb-9493-1edec8cbc1b3,https://curio.lib.utexas.edu/assets/DAMS/utblac/utblac_e38f8f71-f967-46fb-9493-1edec8cbc1b3/TN/utblac_e38f8f71-f967-46fb-9493-1edec8cbc1b3.jpg,https://curio.lib.utexas.edu/assets/images/utldams_utblac_e38f8f71-f967-46fb-9493-1edec8cbc1b3.jp2,https://curio.lib.utexas.edu/assets/images/utldams_utblac_e38f8f71-f967-46fb-9493-1edec8cbc1b3.jp2,2022-01-14,https://curio.lib.utexas.edu/assets/DAMS/utblac/utblac_e38f8f71-f967-46fb-9493-1edec8cbc1b3/manifests/2/utblac_e38f8f71-f967-46fb-9493-1edec8cbc1b3.json,
"MX| Diocese of Tlaxcala| Cholula de Rivadabia, Puebla, Mexico@en|Diócesis de Tlaxcala| Cholula de Rivadabia, Puebla, México@es|",Descripción de Cholula@en|Descripción de Cholula@es|,"unknown (artist)| Rojas, Gabriel de (scribe)| Rojas, Gabriel de (signer)| García Icazbalceta, Joaquín,‏ ‎1825-1894 (collector)@en",1580-11-30@en,"Benson Latin American Collection, LLILAS Benson Latin American Studies and Collections, The University of Texas at Austin@en",Relaciones Geográficas of Mexico and Guatemala@en,https://txarchives.org/utlac/finding_aids/00056.xml@en,JGI XXIV-1@en,maps (documents)| mapas| cartographic| maps (documents)| mapas| landscapes (representations)| paisajes (representación)| watercolors (paintings)| acuarelas (obra visual)@en,maps (documents)@en|mapas@es|,maps (documents)| landscapes (representations)| watercolors (paintings)@en|mapas| paisajes (representación)| acuarelas (obra visual)@es|,"1 map, 43 x 31 cm@en",Spanish| spa@en,"Art--16th century--New Spain| Indigenous peoples--Mexico--Art| Indigenous peoples--Mexico--History--Sources| Manuscripts, Mexican| New Spain--Description and travel| New Spain--History--Sources| New Spain--Maps, Manuscript| Spain--Colonies--History--Sources| Mexico--History--16th century--Sources@en|Arte--Siglo XVI--Nueva España| Pueblos indígenas--México--Arte| Pueblos indígenas--México--Historia--Fuentes| Manuscritos, Mexicanos| Nueva España--Descripción y viaje| Nueva España--Historia--Fuentes| Nueva España--Mapas, Manuscritos| España--Colonias--Historia--Fuentes| México--Historia--Siglo XVI--Fuentes@es|",16th century@en,Mexico (country)| Puebla (state)| Cholula de Rivadabia (city)@en,MX@en,"19.062581, -98.306357@en",utblac:90dca2a6-6851-4d2b-b6c9-9fc2b75104b7@en,JGI_XXIV-01_Cholula_map@en,Joaquín García Icazbalceta Manuscript Collection (title)| https://txarchives.org/utlac/finding_aids/00036.xml (uri)@en,Relación de Cholula (title)| https://collections.lib.utexas.edu/catalog/utblac:bfe9df59-d0c1-46a6-8c45-0026a345642b (local)@en,Pintura de Cholula@es|Pintura de Cholula@en|,"Visual representation of Cholula, located in the Diocese of Tlaxcala. Created by an unknown artist, the map depicts the administrative capital of Cholula and the surrounding six principal neighborhoods of Cholula. The map is laid out in a grid like fashion with each community represented in a quadrant. The city center of San Gabriel de Cholula is seen in the middle of the map and includes the convent, chapel, and church of San Gabriel, the main plaza, fountain, and marketplace. Each of the six neighborhoods is labeled and depicted with its church and a representative image of a mountain. The rest of the map shows the streets connecting the different neighborhoods and depictions of the houses and other buildings of each area. The six neighborhoods are San Miguel Tecpan, Santiago, San Juan, Santa María, San Pablo, and San Andrés. The principal roads are visible, leading to outlying cities like Mexico City, Huexotzingo (Huejotzingo), and Los Ángeles (Puebla). Created in response to question ten listed within the relación geográfica questionnaire for Cholula.@en",https://creativecommons.org/publicdomain/mark/1.0/@en,utblac:90dca2a6-6851-4d2b-b6c9-9fc2b75104b7,https://curio.lib.utexas.edu/assets/DAMS/utblac/utblac_90dca2a6-6851-4d2b-b6c9-9fc2b75104b7/TN/utblac_90dca2a6-6851-4d2b-b6c9-9fc2b75104b7.jpg,https://curio.lib.utexas.edu/assets/images/utldams_utblac_90dca2a6-6851-4d2b-b6c9-9fc2b75104b7.jp2,https://curio.lib.utexas.edu/assets/images/utldams_utblac_90dca2a6-6851-4d2b-b6c9-9fc2b75104b7.jp2,2022-01-14,https://curio.lib.utexas.edu/assets/DAMS/utblac/utblac_90dca2a6-6851-4d2b-b6c9-9fc2b75104b7/manifests/2/utblac_90dca2a6-6851-4d2b-b6c9-9fc2b75104b7.json,
"GT| Diocese of Guatemala| San Antonio Suchitepéquez, Suchitepéquez, Guatemala@en|Diócesis de Guatemala@es|",Descripción de Zapotitlan y Suchitepec@en|Descripción de Zapotitlan y Suchitepec@es|,"Niebla, Fernando de (artist)| Estrada, Juan de (contributor)| Niebla, Fernando de (scribe)| García Icazbalceta, Joaquín,‏ ‎1825-1894 (collector)@en",1579-11-22@en,"Benson Latin American Collection, LLILAS Benson Latin American Studies and Collections, The University of Texas at Austin@en",Relaciones Geográficas of Mexico and Guatemala@en,https://txarchives.org/utlac/finding_aids/00056.xml@en,JGI XX-9@en,maps (documents)| mapas| cartographic| maps (documents)| mapas| landscapes (representations)| paisajes (representación)| watercolors (paintings)| acuarelas (obra visual)@en,maps (documents)@en|mapas@es|,maps (documents)| landscapes (representations)| watercolors (paintings)@en|mapas| paisajes (representación)| acuarelas (obra visual)@es|,"1 map, 40 x 62 cm@en",Spanish| spa@en,"Art--16th century--New Spain| Guatemala--History--16th century--Sources| New Spain--Description and travel| New Spain--History--Sources| New Spain--Maps, Manuscript| Spain--Colonies--History--Sources| Indigenous peoples--Guatemala--Art| Indigenous peoples--Guatemala--History--Sources@en|Arte--Siglo XVI--Nueva España| Guatemala--Historia--Siglo XVI--Fuentes| Nueva España--Descripción y viaje| Nueva España--Historia--Fuentes| Nueva España--Mapas, Manuscritos| España--Colonias--Historia--Fuentes| Pueblos indígenas--Guatemala--Arte| Pueblos indígenas--Guatemala--Historia--Fuentes@es|",16th century@en,Guatemala (country)| Suchitepéquez (state)| San Antonio Suchitepéquez (city)@en,GT@en,"14.539595, -91.41645@en",utblac:32713c87-b23c-474c-acb9-0757bc1d2dd3@en,JGI_XX-09_Zapotitlan_map@en,Joaquín García Icazbalceta Manuscript Collection (title)| https://txarchives.org/utlac/finding_aids/00036.xml (uri)@en,Relación de Zapotitlan (title)| https://collections.lib.utexas.edu/catalog/utblac:3affb1e7-0e19-4c34-944b-d57313f05482 (local)@en,Pintura de Zapotitlan@es|Pintura de Zapotitlan@en|,"Visual representation of Zapotitlan, located in the Diocese of Guatemala. Created by Fernando de Niebla, the map depicts the coastline near Zapotitlan and the larger area of Suchitepéquez. Visible at the top of the map are the prominent volcanoes in Guatemala near Quetzaltenango, Lake Atitlan, and Guatemala City as well as the prominent rivers that run towards the Pacific coast from the range of volcanoes. The map shows the towns and villages within the depicted region. The population centers are labeled and include a population count. There is also a large depiction of the map and the region at the bottom of the map. Created in response to questions one and ten listed within the relación geográfica questionnaire for Zapotitlan.@en",https://creativecommons.org/publicdomain/mark/1.0/@en,utblac:32713c87-b23c-474c-acb9-0757bc1d2dd3,https://curio.lib.utexas.edu/assets/DAMS/utblac/utblac_32713c87-b23c-474c-acb9-0757bc1d2dd3/TN/utblac_32713c87-b23c-474c-acb9-0757bc1d2dd3.jpg,https://curio.lib.utexas.edu/assets/images/utldams_utblac_32713c87-b23c-474c-acb9-0757bc1d2dd3.jp2,https://curio.lib.utexas.edu/assets/images/utldams_utblac_32713c87-b23c-474c-acb9-0757bc1d2dd3.jp2,2022-01-14,https://curio.lib.utexas.edu/assets/DAMS/utblac/utblac_32713c87-b23c-474c-acb9-0757bc1d2dd3/manifests/2/utblac_32713c87-b23c-474c-acb9-0757bc1d2dd3.json,
"MX| Archdiocese of Mexico| Yecapixtla, Morelos, Mexico@en|Arquidiócesis de México| Yecapixtla, Morelos, México@es|",Descripción de Acapistla@en|Descripción de Acapistla@es|,"unknown (artist)| Gutiérrez de Liébana, Juan (contributor)| Gutiérrez de Liébana, Juan (signer)| Cortés, Pablo (signer)| San Juan, Martín de (signer)| Cruz, Gabriel de la (signer)| Perales, Francisco de (interpreter)| García Ruiz, Hernán (scribe)| García Icazbalceta, Joaquín,‏ ‎1825-1894 (collector)@en",1580-10-10@en,"Benson Latin American Collection, LLILAS Benson Latin American Studies and Collections, The University of Texas at Austin@en",Relaciones Geográficas of Mexico and Guatemala@en,https://txarchives.org/utlac/finding_aids/00056.xml@en,JGI XXIII-8@en,maps (documents)| mapas| cartographic| maps (documents)| mapas| landscapes (representations)| paisajes (representación)| watercolors (paintings)| acuarelas (obra visual)@en,maps (documents)@en|mapas@es|,maps (documents)| landscapes (representations)| watercolors (paintings)@en|mapas| paisajes (representación)| acuarelas (obra visual)@es|,"1 map, 85 x 62 cm@en",Spanish| spa@en,"Art--16th century--New Spain| Indigenous peoples--Mexico--Art| Indigenous peoples--Mexico--History--Sources| Manuscripts, Mexican| New Spain--Description and travel| New Spain--History--Sources| New Spain--Maps, Manuscript| Spain--Colonies--History--Sources| Mexico--History--16th century--Sources@en|Arte--Siglo XVI--Nueva España| Pueblos indígenas--México--Arte| Pueblos indígenas--México--Historia--Fuentes| Manuscritos, Mexicanos| Nueva España--Descripción y viaje| Nueva España--Historia--Fuentes| Nueva España--Mapas, Manuscritos| España--Colonias--Historia--Fuentes| México--Historia--Siglo XVI--Fuentes@es|",16th century@en,Mexico (country)| Morelos (state)| Yecapixtla (city)@en,MX@en,"18.883171, -98.866007@en",utblac:9202cf3b-3a38-4498-89bc-67d0b03e9509@en,JGI_XXIII-08_Acapistla_map@en,Joaquín García Icazbalceta Manuscript Collection (title)| https://txarchives.org/utlac/finding_aids/00036.xml (uri)@en,Relación de Acapistla (title)| https://collections.lib.utexas.edu/catalog/utblac:740d6d5b-280a-45f4-a3b6-e4382efb6c8f (local)@en,Pintura de Acapistla@es|Pintura de Acapistla@en|,"Visual representation of the administrative capital of Acapistla and its surroundings located within the Archdiocese of Mexico. Created by an unknown indigenous artist, the map illustrates the local water sources and the roads connecting the economic and political center of Acapistla to sixteen surrounding communities. The principal church of Acapistla with its atrium and water well is centered on the map and is surrounded by the smaller communities of Texcala, Atlitiqui, Suchitlan, Zuquiapa, Ayapanco, Itlacan, Tecaxiqui, Tecocuzpa, Zahuatlan, Tetliculuca, Calalpa, Ecatepeque, Zacatepeque, Atlahuymulco, and Pazulco. In addition, four different toponyms are visible along with depictions of mountains and rivers. Created in response to question ten listed within the relación geográfica questionnaire for Acapistla.@en",https://creativecommons.org/publicdomain/mark/1.0/@en,utblac:9202cf3b-3a38-4498-89bc-67d0b03e9509,https://curio.lib.utexas.edu/assets/DAMS/utblac/utblac_9202cf3b-3a38-4498-89bc-67d0b03e9509/TN/utblac_9202cf3b-3a38-4498-89bc-67d0b03e9509.jpg,https://curio.lib.utexas.edu/assets/images/utldams_utblac_9202cf3b-3a38-4498-89bc-67d0b03e9509.jp2,https://curio.lib.utexas.edu/assets/images/utldams_utblac_9202cf3b-3a38-4498-89bc-67d0b03e9509.jp2,2022-01-14,https://curio.lib.utexas.edu/assets/DAMS/utblac/utblac_9202cf3b-3a38-4498-89bc-67d0b03e9509/manifests/2/utblac_9202cf3b-3a38-4498-89bc-67d0b03e9509.json,
"MX| Archdiocese of Mexico| Atengo, Hidalgo, Mexico| Mixquiahuala de Juárez, Hidalgo, Mexico@en|Arquidiócesis de México| Atengo, Hidalgo, México| Mixquiahuala de Juárez, Hidalgo, México@es|",Descripción de Atengo y Misquiahuala@en|Descripción de Atengo y Misquiahuala@es|,"unknown (artist)| Padilla, Juan de (signer)| Fernández de Córdoba, Francisco (scribe)| García Icazbalceta, Joaquín,‏ ‎1825-1894 (collector)@en",1579-10-08@en,"Benson Latin American Collection, LLILAS Benson Latin American Studies and Collections, The University of Texas at Austin@en",Relaciones Geográficas of Mexico and Guatemala@en,https://txarchives.org/utlac/finding_aids/00056.xml@en,JGI XXIII-12@en,maps (documents)| mapas| cartographic| maps (documents)| mapas| landscapes (representations)| paisajes (representación)| watercolors (paintings)| acuarelas (obra visual)@en,maps (documents)@en|mapas@es|,maps (documents)| landscapes (representations)| watercolors (paintings)@en|mapas| paisajes (representación)| acuarelas (obra visual)@es|,"1 map, 77 x 56 cm@en",Spanish| spa@en,"Art--16th century--New Spain| Indigenous peoples--Mexico--Art| Indigenous peoples--Mexico--History--Sources| Manuscripts, Mexican| New Spain--Description and travel| New Spain--History--Sources| New Spain--Maps, Manuscript| Spain--Colonies--History--Sources| Mexico--History--16th century--Sources@en|Arte--Siglo XVI--Nueva España| Pueblos indígenas--México--Arte| Pueblos indígenas--México--Historia--Fuentes| Manuscritos, Mexicanos| Nueva España--Descripción y viaje| Nueva España--Historia--Fuentes| Nueva España--Mapas, Manuscritos| España--Colonias--Historia--Fuentes| México--Historia--Siglo XVI--Fuentes@es|",16th century@en,Mexico (country)| Hidalgo (state)| Atengo (city)| Mexico (country)| Hidalgo (state)| Mixquiahuala de Juárez (city)@en,MX@en,"20.176589, -99.332347| 20.2304, -99.2107@en",utblac:d6360c5d-e505-49af-84a3-b2538f7be43b@en,JGI_XXIII-12_AtengoMisquiahuala_map@en,Joaquín García Icazbalceta Manuscript Collection (title)| https://txarchives.org/utlac/finding_aids/00036.xml (uri)@en,Relación de Atengo y Misquiahuala (title)| https://collections.lib.utexas.edu/catalog/utblac:e9055aaa-903a-4cc3-9611-da0015c607f1 (uri)@en,Pintura de Atengo y Misquiahuala@es|Pintura de Atengo y Misquiahuala@en|,"Visual representation of Atengo and Misquihuala, towns in the archbishopric of Mexico. Created by a local, Indigenous artist, the map illustrates the positioning and boundaries between Santa María de Atengo, Misquiahuala, and Tesontepeque. Outlying, smaller communities are also depicted as well as the landscape and geographical features of the region. Other communities shown are Tecapatepeque, Tula, and Tepeitic (Tepeiti) and the properties listed include Juan de Cabrera, Martín Cerón, and Jerónimo López (Jrmo Lópz). The map also features dozens of glyphs representing communities such as ""cerro con cuchillo de pedernal"" for Tecpatepec, ""Cerro con cuenta de collar"" for Cuzcatepec and ""Cerro con culebra"" for Coatepec. Created in response to question ten listed within the relación geográfica questionnaire for Atengo y Misquiahuala.@en",https://creativecommons.org/publicdomain/mark/1.0/@en,utblac:d6360c5d-e505-49af-84a3-b2538f7be43b,https://curio.lib.utexas.edu/assets/DAMS/utblac/utblac_d6360c5d-e505-49af-84a3-b2538f7be43b/TN/utblac_d6360c5d-e505-49af-84a3-b2538f7be43b.jpg,https://curio.lib.utexas.edu/assets/images/utldams_utblac_d6360c5d-e505-49af-84a3-b2538f7be43b.jp2,https://curio.lib.utexas.edu/assets/images/utldams_utblac_d6360c5d-e505-49af-84a3-b2538f7be43b.jp2,2022-01-14,https://curio.lib.utexas.edu/assets/DAMS/utblac/utblac_d6360c5d-e505-49af-84a3-b2538f7be43b/manifests/2/utblac_d6360c5d-e505-49af-84a3-b2538f7be43b.json,PDF@https://curio.lib.utexas.edu/assets/DAMS/utblac/utblac_d6360c5d-e505-49af-84a3-b2538f7be43b/PDF/utblac_d6360c5d-e505-49af-84a3-b2538f7be43b.pdf|
"MX| Archdiocese of Mexico| Zempoala, Hidalgo, Mexico@en|Arquidiócesis de México| Zempoala, Hidalgo, México@es|",Descripción de Zempoala@en|Descripción de Zempoala@es|,"unknown (artist)| Obregón, Luis de (signer)| Umana, Juan de (contributor)| Osorio, Bartolomé (scribe)| Mendoza, Diego de (contributor)| Guzmán, Don Francisco de (contributor)| Aquino, Don Pablo de (contributor)| Ircio, Martín de (contributor)| García Icazbalceta, Joaquín,‏ ‎1825-1894 (collector)@en",1580-11-01@en,"Benson Latin American Collection, LLILAS Benson Latin American Studies and Collections, The University of Texas at Austin@en",Relaciones Geográficas of Mexico and Guatemala@en,https://txarchives.org/utlac/finding_aids/00056.xml@en,JGI XXV-10@en,maps (documents)| mapas| cartographic| maps (documents)| mapas| landscapes (representations)| paisajes (representación)| watercolors (paintings)| acuarelas (obra visual)@en,maps (documents)@en|mapas@es|,maps (documents)| landscapes (representations)| watercolors (paintings)@en|mapas| paisajes (representación)| acuarelas (obra visual)@es|,"1 map, 83 x 66 cm@en",Spanish| spa@en,"Art--16th century--New Spain| Indigenous peoples--Mexico--Art| Indigenous peoples--Mexico--History--Sources| Manuscripts, Mexican| New Spain--Description and travel| New Spain--History--Sources| New Spain--Maps, Manuscript| Spain--Colonies--History--Sources| Mexico--History--16th century--Sources@en|Arte--Siglo XVI--Nueva España| Pueblos indígenas--México--Arte| Pueblos indígenas--México--Historia--Fuentes| Manuscritos, Mexicanos| Nueva España--Descripción y viaje| Nueva España--Historia--Fuentes| Nueva España--Mapas, Manuscritos| España--Colonias--Historia--Fuentes| México--Historia--Siglo XVI--Fuentes@es|",16th century@en,Mexico (country)| Hidalgo (state)| Zempoala (city)@en,MX@en,"19.915595, -98.668525@en",utblac:b35a74c8-358b-4192-8c61-9668332985dd@en,JGI_XXV-10_Cempoala_map@en,Joaquín García Icazbalceta Manuscript Collection (title)| https://txarchives.org/utlac/finding_aids/00036.xml (uri)@en,Relación de Cempoala (title)| https://collections.lib.utexas.edu/catalog/utblac:f87917e2-e3c9-4eb2-a838-51ea2975c655 (uri)@en,Pintura de Cempoala@es|Pintura de Cempoala@en|,"Visual representation of Cempoala and its surroundings, located within the Archdiocese of Mexico. Cempoala is also known by the indigenous name of Campoli. Created by an unknown indigenous artist, the map features dozens of toponyms, and dozens of glyphs with identifying captions representing natural resources, animals, churches, and other places throughout the depicted region. The map also features thirteen named human figures, representing both Spanish and indigenous people. Featured prominently on the map is the glyph for Campoli, the altepetl, or city-state, of the region. The glyph is of a large hill topped with the drawing of a head of a Totonac (indigenous group of Campoli). Other items to note include the Acueducto del Padre Tembleque and its route that leads to the main church Todos Santos in Campoli, the human figures that are identified and typically associated with a smaller town within the region, and the numerous glyphs that signify the natural resources, animals, and other items of note within the region. Created in response to question ten listed within the relaciones geográficas questionnaire for Cempoala.@en",https://creativecommons.org/publicdomain/mark/1.0/@en,utblac:b35a74c8-358b-4192-8c61-9668332985dd,https://curio.lib.utexas.edu/assets/DAMS/utblac/utblac_b35a74c8-358b-4192-8c61-9668332985dd/TN/utblac_b35a74c8-358b-4192-8c61-9668332985dd.jpg,https://curio.lib.utexas.edu/assets/images/utldams_utblac_b35a74c8-358b-4192-8c61-9668332985dd.jp2,https://curio.lib.utexas.edu/assets/images/utldams_utblac_b35a74c8-358b-4192-8c61-9668332985dd.jp2,2022-01-14,https://curio.lib.utexas.edu/assets/DAMS/utblac/utblac_b35a74c8-358b-4192-8c61-9668332985dd/manifests/2/utblac_b35a74c8-358b-4192-8c61-9668332985dd.json,PDF@https://curio.lib.utexas.edu/assets/DAMS/utblac/utblac_b35a74c8-358b-4192-8c61-9668332985dd/PDF/utblac_b35a74c8-358b-4192-8c61-9668332985dd.pdf|
"MX| Archdiocese of Mexico| San Bartolomé Atlatlahuca, State of Mexico, Mexico@en|Arquidiócesis de México| San Bartolomé Atlatlahuca, México, México@es|",Descripción de Atlatlauca@en|Descripción de Atlatlauca@es|,"unknown (artist)| Solís, Gaspar de (signer)| Hernández, Don Pablo (witness)| Jacobo, Don Diego (witness)| Lorenzo, Juan (interpreter)| Aguilera, Pedro de (scribe)| García Icazbalceta, Joaquín,‏ ‎1825-1894 (collector)@en",1580-09-17@en,"Benson Latin American Collection, LLILAS Benson Latin American Studies and Collections, The University of Texas at Austin@en",Relaciones Geográficas of Mexico and Guatemala@en,https://txarchives.org/utlac/finding_aids/00056.xml@en,JGI XXIII-13@en,maps (documents)| mapas| cartographic| maps (documents)| mapas| landscapes (representations)| paisajes (representación)| watercolors (paintings)| acuarelas (obra visual)@en,maps (documents)@en|mapas@es|,maps (documents)| landscapes (representations)| watercolors (paintings)@en|mapas| paisajes (representación)| acuarelas (obra visual)@es|,"1 map, 42 x 31 cm@en",Spanish| spa@en,"Art--16th century--New Spain| Indigenous peoples--Mexico--Art| Indigenous peoples--Mexico--History--Sources| Manuscripts, Mexican| New Spain--Description and travel| New Spain--History--Sources| New Spain--Maps, Manuscript| Spain--Colonies--History--Sources| Mexico--History--16th century--Sources@en|Arte--Siglo XVI--Nueva España| Pueblos indígenas--México--Arte| Pueblos indígenas--México--Historia--Fuentes| Manuscritos, Mexicanos| Nueva España--Descripción y viaje| Nueva España--Historia--Fuentes| Nueva España--Mapas, Manuscritos| España--Colonias--Historia--Fuentes| México--Historia--Siglo XVI--Fuentes@es|",16th century@en,Mexico (country)| State of Mexico (state)| San Bartolomé Atlatlahuca (city)@en,MX@en,"19.06939, -99.611873@en",utblac:4283412f-28f4-4452-a1fd-0faef9ed2fcb@en,JGI_XXIII-13_Atlatlauhca_map@en,Joaquín García Icazbalceta Manuscript Collection (title)| https://txarchives.org/utlac/finding_aids/00036.xml (uri)@en,Relación de Atlatlahuca (title)| https://collections.lib.utexas.edu/catalog/utblac:0a22bcf2-b70f-496f-8f8f-83bc1ea94089 (uri)@en,Pintura de Atlatlauhca@es|Pintura de Atlatlauhca@en|,"Visual representation of Atlatlauhca, located in the Archdiocese of Mexico. The map, created by an unknown artist, depicts the administrative capital of Atlatlauhca and the surrounding communities and landscape. The town of Atlatlauhca is seen at the center of the map with its principal church and a few houses. Two large mountains dotted with trees bookend the town, one being identified as Monte de Atlatlauhca. The region water source is just above the town and the map shows the direction of its flow. Footpaths and roads connect Atlatlauhca to the smaller surrounding communities including Suchiaca (and its mountain), Tenantzinco, Teutenango, Calimaya y Tepemaxalco, and Toluca. The map also includes the two towns of San Pedro (San Po) Cihuatepeque (Cihutepeq) and Epayauhtlan (Epayautla), which are subjects of Tacuba. Also shown is the town of Maxteca, which is a subject of Tenango. Created in response to question ten listed within the relación geográfica questionnaire for Atlatlauhca.@en",https://creativecommons.org/publicdomain/mark/1.0/@en,utblac:4283412f-28f4-4452-a1fd-0faef9ed2fcb,https://curio.lib.utexas.edu/assets/DAMS/utblac/utblac_4283412f-28f4-4452-a1fd-0faef9ed2fcb/TN/utblac_4283412f-28f4-4452-a1fd-0faef9ed2fcb.jpg,https://curio.lib.utexas.edu/assets/images/utldams_utblac_4283412f-28f4-4452-a1fd-0faef9ed2fcb.jp2,https://curio.lib.utexas.edu/assets/images/utldams_utblac_4283412f-28f4-4452-a1fd-0faef9ed2fcb.jp2,2022-01-14,https://curio.lib.utexas.edu/assets/DAMS/utblac/utblac_4283412f-28f4-4452-a1fd-0faef9ed2fcb/manifests/2/utblac_4283412f-28f4-4452-a1fd-0faef9ed2fcb.json,PDF@https://curio.lib.utexas.edu/assets/DAMS/utblac/utblac_4283412f-28f4-4452-a1fd-0faef9ed2fcb/PDF/utblac_4283412f-28f4-4452-a1fd-0faef9ed2fcb.pdf|
"MX| Diocese of Oaxaca| Coatzacoalcos, Veracruz, Mexico@en|Diócesis de Oaxaca| Coatzacoalcos, Veracruz, México@es|",Descripción de la Villa del Espíritu Santo…y un mapa del curso del rio de Goatzcoalcos@en|Descripción de la Villa del Espíritu Santo…y un mapa del curso del rio de Goatzcoalcos@es|,"Stroza Gali, Francisco (artist)| Cangas y Quiñonez , Suero de (contributor)| Basurto, Diego (witness)| Martín de Valencia, Juan (witness)| Hernández Alconohel, Gonzalo (witness)| García Icazbalceta, Joaquín,‏ ‎1825-1894 (collector)@en",1580-04-29@en,"Benson Latin American Collection, LLILAS Benson Latin American Studies and Collections, The University of Texas at Austin@en",Relaciones Geográficas of Mexico and Guatemala@en,https://txarchives.org/utlac/finding_aids/00056.xml@en,JGI XXIV-2@en,maps (documents)| mapas| cartographic| maps (documents)| mapas| landscapes (representations)| paisajes (representación)| watercolors (paintings)| acuarelas (obra visual)@en,maps (documents)@en|mapas@es|,maps (documents)| landscapes (representations)| watercolors (paintings)@en|mapas| paisajes (representación)| acuarelas (obra visual)@es|,"1 map, 85 x 31 cm@en",Spanish| spa@en,"Art--16th century--New Spain| Indigenous peoples--Mexico--Art| Indigenous peoples--Mexico--History--Sources| Manuscripts, Mexican| New Spain--Description and travel| New Spain--History--Sources| New Spain--Maps, Manuscript| Spain--Colonies--History--Sources| Mexico--History--16th century--Sources@en|Arte--Siglo XVI--Nueva España| Pueblos indígenas--México--Arte| Pueblos indígenas--México--Historia--Fuentes| Manuscritos, Mexicanos| Nueva España--Descripción y viaje| Nueva España--Historia--Fuentes| Nueva España--Mapas, Manuscritos| España--Colonias--Historia--Fuentes| México--Historia--Siglo XVI--Fuentes@es|",16th century@en,Mexico (country)| Veracruz (state)| Coatzacoalcos (city)@en,MX@en,"18.147329, -94.416455@en",utblac:9a78720b-d927-4635-bdc0-9993a3024f9a@en,JGI_XXIV-02_Coatzacualco_map@en,Joaquín García Icazbalceta Manuscript Collection (title)| https://txarchives.org/utlac/finding_aids/00036.xml (uri)@en,Relación de Coatzacualco (title)| https://collections.lib.utexas.edu/catalog/utblac:92548fa7-f6f6-411d-b50d-46d4809a211d (uri)@en,Pintura de Coatzacualco@es|Pintura de Coatzacualco@en|,"Visual representation of the Coatzacualco River and the towns on its banks, located in the province of Coatzacualco in the Diocese of Oaxaca. Drawn by Francisco Stroza Gali, the map covers the full course of the river from the Gulf of Mexico to Utatepeque, which is in the province of Teguantepeque. The depths of the water are calculated at the mouth of the river along the coast and there is detail of the towns closest to the Gulf along with some detail of the coastal features including a lake and mountains. The rest of the map is essentially the course of the river with details including the curves, other smaller branches of the river, and dozens sections of rapids. A few other towns are noted but the map focuses on the river and its course. The towns included are Xaltepeque and Utatepeque. Created in response to question ten listed within the relación geográfica questionnaire for Coatzacualco.@en",https://creativecommons.org/publicdomain/mark/1.0/@en,utblac:9a78720b-d927-4635-bdc0-9993a3024f9a,https://curio.lib.utexas.edu/assets/DAMS/utblac/utblac_9a78720b-d927-4635-bdc0-9993a3024f9a/TN/utblac_9a78720b-d927-4635-bdc0-9993a3024f9a.jpg,https://curio.lib.utexas.edu/assets/images/utldams_utblac_9a78720b-d927-4635-bdc0-9993a3024f9a.jp2,https://curio.lib.utexas.edu/assets/images/utldams_utblac_9a78720b-d927-4635-bdc0-9993a3024f9a.jp2,2022-01-14,https://curio.lib.utexas.edu/assets/DAMS/utblac/utblac_9a78720b-d927-4635-bdc0-9993a3024f9a/manifests/2/utblac_9a78720b-d927-4635-bdc0-9993a3024f9a.json,PDF@https://curio.lib.utexas.edu/assets/DAMS/utblac/utblac_9a78720b-d927-4635-bdc0-9993a3024f9a/PDF/utblac_9a78720b-d927-4635-bdc0-9993a3024f9a.pdf|
"MX| Archdiocese of Mexico| Culhuacán, State of Mexico, Mexico@en|Arquidiócesis de México| Culhuacán, México, México@es|",Descripción de Culhuacan@en|Descripción de Culhuacan@es|,"San Agustín, Pedro de (artist)| Gallegos, Gonzalo (signer)| Núñez, Fray Juan (scribe)| Paz, Diego de (contributor)| Salcedo, Francisco de (scribe)| Núñez, Fray Juan (signer)| García Icazbalceta, Joaquín,‏ ‎1825-1894 (collector)@en",1580-01-17@en,"Benson Latin American Collection, LLILAS Benson Latin American Studies and Collections, The University of Texas at Austin@en",Relaciones Geográficas of Mexico and Guatemala@en,https://txarchives.org/utlac/finding_aids/00056.xml@en,JGI XXIII-14@en,maps (documents)| mapas| cartographic| maps (documents)| mapas| landscapes (representations)| paisajes (representación)| watercolors (paintings)| acuarelas (obra visual)@en,maps (documents)@en|mapas@es|,maps (documents)| landscapes (representations)| watercolors (paintings)@en|mapas| paisajes (representación)| acuarelas (obra visual)@es|,"1 map, 70 x 54 cm@en",Spanish| spa@en,"Art--16th century--New Spain| Indigenous peoples--Mexico--Art| Indigenous peoples--Mexico--History--Sources| Manuscripts, Mexican| New Spain--Description and travel| New Spain--History--Sources| New Spain--Maps, Manuscript| Spain--Colonies--History--Sources| Mexico--History--16th century--Sources@en|Arte--Siglo XVI--Nueva España| Pueblos indígenas--México--Arte| Pueblos indígenas--México--Historia--Fuentes| Manuscritos, Mexicanos| Nueva España--Descripción y viaje| Nueva España--Historia--Fuentes| Nueva España--Mapas, Manuscritos| España--Colonias--Historia--Fuentes| México--Historia--Siglo XVI--Fuentes@es|",16th century@en,Mexico (country)| State of Mexico (state)| Culhuacán (city)@en,MX@en,"19.339773, -99.107265@en",utblac:d5ddf214-248e-462f-acdc-81d27463226f@en,JGI_XXIII-14_Culhuacan_map@en,Joaquín García Icazbalceta Manuscript Collection (title)| https://txarchives.org/utlac/finding_aids/00036.xml (uri)@en,Relación de Culhuacan (title)| https://collections.lib.utexas.edu/catalog/utblac:d47cb590-3bda-4f2c-a48e-2e33b91dda2f (uri)@en,Pintura de Culhuacan@es|Pintura de Culhuacan@en|,"Visual representation of Culhuacan, located in the Archdiocese of Mexico. Created by Pedro de San Agustín, the map depicts the administrative capital of Culhuacan and its surrounding communities and landscape. Culhuacan is seen with its principal church and nearby pond, paper mill, and a glyph representative of Culhuacan. Footpaths and rivers are visible throughout the map as well as the Cerro de Iztapalapa towards the top of the map. Other communities depicted and labeled include Santiago, San Lorenzo, Santa María, San Andrés, San Pedro, San Sebastián, San Miguel (S Miguel), Santa María Magdalena (Sta María Magdalena), Santa Ana (Sta Ana), San Juan Bautista (S Ju Bautista), Santa Cruz (Sta Cruz), and Santo Bartolomé (Sto Bartolomé). Created in response to question ten listed within the relaciones geográficas questionnaire for Culhuacan.@en",https://creativecommons.org/publicdomain/mark/1.0/@en,utblac:d5ddf214-248e-462f-acdc-81d27463226f,https://curio.lib.utexas.edu/assets/DAMS/utblac/utblac_d5ddf214-248e-462f-acdc-81d27463226f/TN/utblac_d5ddf214-248e-462f-acdc-81d27463226f.jpg,https://curio.lib.utexas.edu/assets/images/utldams_utblac_d5ddf214-248e-462f-acdc-81d27463226f.jp2,https://curio.lib.utexas.edu/assets/images/utldams_utblac_d5ddf214-248e-462f-acdc-81d27463226f.jp2,2022-01-14,https://curio.lib.utexas.edu/assets/DAMS/utblac/utblac_d5ddf214-248e-462f-acdc-81d27463226f/manifests/2/utblac_d5ddf214-248e-462f-acdc-81d27463226f.json,PDF@https://curio.lib.utexas.edu/assets/DAMS/utblac/utblac_d5ddf214-248e-462f-acdc-81d27463226f/PDF/utblac_d5ddf214-248e-462f-acdc-81d27463226f.pdf|
"MX| Archdiocese of Mexico| Epazoyucan, Hidalgo, Mexico@en|Arquidiócesis de México| Epazoyucan, Hidalgo, México@es|",Descripción de Epazoyuca@en|Descripción de Epazoyuca@es|,"unknown (artist)| Obregón, Luis (signer)| Ilmana, Juan de (contributor)| Osorio, Bartolomé (scribe)| Mendoza, Diego de (contributor)| Guzmán, Don Francisco de (contributor)| Aquino, Don Pablo de (contributor)| Ircio, Martín de (contributor)| García Icazbalceta, Joaquín,‏ ‎1825-1894 (collector)@en",1580-11-01@en,"Benson Latin American Collection, LLILAS Benson Latin American Studies and Collections, The University of Texas at Austin@en",Relaciones Geográficas of Mexico and Guatemala@en,https://txarchives.org/utlac/finding_aids/00056.xml@en,JGI XXV-11@en,maps (documents)| mapas| cartographic| maps (documents)| mapas| landscapes (representations)| paisajes (representación)| watercolors (paintings)| acuarelas (obra visual)@en,maps (documents)@en|mapas@es|,maps (documents)| landscapes (representations)| watercolors (paintings)@en|mapas| paisajes (representación)| acuarelas (obra visual)@es|,"1 map, 31 x 21.5 cm@en",Spanish| spa@en,"Art--16th century--New Spain| Indigenous peoples--Mexico--Art| Indigenous peoples--Mexico--History--Sources| Manuscripts, Mexican| New Spain--Description and travel| New Spain--History--Sources| New Spain--Maps, Manuscript| Spain--Colonies--History--Sources| Mexico--History--16th century--Sources@en|Arte--Siglo XVI--Nueva España| Pueblos indígenas--México--Arte| Pueblos indígenas--México--Historia--Fuentes| Manuscritos, Mexicanos| Nueva España--Descripción y viaje| Nueva España--Historia--Fuentes| Nueva España--Mapas, Manuscritos| España--Colonias--Historia--Fuentes| México--Historia--Siglo XVI--Fuentes@es|",16th century@en,Mexico (country)| Hidalgo (state)| Epazoyucan (city)@en,MX@en,"20.017849, -98.635318@en",utblac:5bc4e8a8-3f8f-4729-83c2-49e4f319c3fa@en,JGI_XXV-11_Epazoyuca_map@en,Joaquín García Icazbalceta Manuscript Collection (title)| https://txarchives.org/utlac/finding_aids/00036.xml (uri)@en,Relación de Epazoyuca (title)| https://collections.lib.utexas.edu/catalog/utblac:c5f60019-ec83-41b3-8641-a383d2a7773c (uri)@en,Pintura de Epazoyuca@es|Pintura de Epazoyuca@en|,"Visual representation of Epazoyuca, located in the Archdiocese of Mexico. Created by an unknown artist, the map lays out the streets of Epazoyuca in a grid like fashion with the town plaza and church in the center. Most of the other buildings depicted are nondescript dwellings and the streets are also unlabeled. There are several larger roads that are noted with drawn footprints signifying they are more well traveled and connect Epazoyuca with the surrounding areas. At the top of the map is the depiction of a large mountain (Tláloc) which contains the water source for Epazoyuca. The mountain's slopes are adorned with local vegetation including cactus and mazote. At the bottom of the map are rows of irrigated crops. Created in response to question ten listed within the relación geográfica questionnaire for Epazoyuca@en",https://creativecommons.org/publicdomain/mark/1.0/@en,utblac:5bc4e8a8-3f8f-4729-83c2-49e4f319c3fa,https://curio.lib.utexas.edu/assets/DAMS/utblac/utblac_5bc4e8a8-3f8f-4729-83c2-49e4f319c3fa/TN/utblac_5bc4e8a8-3f8f-4729-83c2-49e4f319c3fa.jpg,https://curio.lib.utexas.edu/assets/images/utldams_utblac_5bc4e8a8-3f8f-4729-83c2-49e4f319c3fa.jp2,https://curio.lib.utexas.edu/assets/images/utldams_utblac_5bc4e8a8-3f8f-4729-83c2-49e4f319c3fa.jp2,2022-01-14,https://curio.lib.utexas.edu/assets/DAMS/utblac/utblac_5bc4e8a8-3f8f-4729-83c2-49e4f319c3fa/manifests/2/utblac_5bc4e8a8-3f8f-4729-83c2-49e4f319c3fa.json,PDF@https://curio.lib.utexas.edu/assets/DAMS/utblac/utblac_5bc4e8a8-3f8f-4729-83c2-49e4f319c3fa/PDF/utblac_5bc4e8a8-3f8f-4729-83c2-49e4f319c3fa.pdf|
"MX| Archdiocese of Mexico| Oaxtepec, Morelos, Mexico@en|Arquidiócesis de México| Oaxtepec, Morelos, México@es|",Descripción de Guastepeque@en|Descripción de Guastepeque@es|,"unknown (artist)| Gutiérrez de Liébana, Juan (signer)| Perales, Francisco de (contributor)| García Ruiz, Hernán (scribe)| García Icazbalceta, Joaquín,‏ ‎1825-1894 (collector)@en",1580-09-24@en,"Benson Latin American Collection, LLILAS Benson Latin American Studies and Collections, The University of Texas at Austin@en",Relaciones Geográficas of Mexico and Guatemala@en,https://txarchives.org/utlac/finding_aids/00056.xml@en,JGI XXIV-3@en,maps (documents)| mapas| cartographic| maps (documents)| mapas| landscapes (representations)| paisajes (representación)| watercolors (paintings)| acuarelas (obra visual)@en,maps (documents)@en|mapas@es|,maps (documents)| landscapes (representations)| watercolors (paintings)@en|mapas| paisajes (representación)| acuarelas (obra visual)@es|,"1 map, 85 x 62 cm@en",Spanish| spa@en,"Art--16th century--New Spain| Indigenous peoples--Mexico--Art| Indigenous peoples--Mexico--History--Sources| Manuscripts, Mexican| New Spain--Description and travel| New Spain--History--Sources| New Spain--Maps, Manuscript| Spain--Colonies--History--Sources| Mexico--History--16th century--Sources@en|Arte--Siglo XVI--Nueva España| Pueblos indígenas--México--Arte| Pueblos indígenas--México--Historia--Fuentes| Manuscritos, Mexicanos| Nueva España--Descripción y viaje| Nueva España--Historia--Fuentes| Nueva España--Mapas, Manuscritos| España--Colonias--Historia--Fuentes| México--Historia--Siglo XVI--Fuentes@es|",16th century@en,Mexico (country)| Morelos (state)| Oaxtepec (city)@en,MX@en,"18.906218, -98.969033@en",utblac:50098d40-75e0-4f70-8622-6c156da2e45d@en,JGI_XXIV-03_Huaxtepeque_map@en,Joaquín García Icazbalceta Manuscript Collection (title)| https://txarchives.org/utlac/finding_aids/00036.xml (uri)@en,Relación de Huaxtepeque (title)| https://collections.lib.utexas.edu/catalog/utblac:08e8318a-13f1-4bd9-934e-dca47020281b (uri)@en,Pintura de Huaxtepeque@es|Pintura de Huaxtepeque@en|,"Visual representation of Huaxtepeque and its surroundings, located within the Archdiocese of Mexico. Created by an unknown artist, the map illustrates the local rivers, water sources, vegetation, and the roads connecting the economic and political center of Huaxtepeque to the surrounding communities. Huaxtepeque is centered prominently on the map with a rendering of the Dominican convent and a glyph of a lead tree signifying Huaxtepeque as the altepetl or city-state of the region. Other smaller towns depicted on the map include Teteltzingo, Tetzhuac, Tzacapalco, Ichcatepec, Cocoyoc, and Ayahualco. Other items of note include a glyph representing the local tianguis or market and in the bottom right of the map is a garden of suchinacaztles, a flowering plant. Created in response to question ten listed within the relación geográfica questionnaire for Huaxtepeque.@en",https://creativecommons.org/publicdomain/mark/1.0/@en,utblac:50098d40-75e0-4f70-8622-6c156da2e45d,https://curio.lib.utexas.edu/assets/DAMS/utblac/utblac_50098d40-75e0-4f70-8622-6c156da2e45d/TN/utblac_50098d40-75e0-4f70-8622-6c156da2e45d.jpg,https://curio.lib.utexas.edu/assets/images/utldams_utblac_50098d40-75e0-4f70-8622-6c156da2e45d.jp2,https://curio.lib.utexas.edu/assets/images/utldams_utblac_50098d40-75e0-4f70-8622-6c156da2e45d.jp2,2022-01-14,https://curio.lib.utexas.edu/assets/DAMS/utblac/utblac_50098d40-75e0-4f70-8622-6c156da2e45d/manifests/2/utblac_50098d40-75e0-4f70-8622-6c156da2e45d.json,PDF@https://curio.lib.utexas.edu/assets/DAMS/utblac/utblac_50098d40-75e0-4f70-8622-6c156da2e45d/PDF/utblac_50098d40-75e0-4f70-8622-6c156da2e45d.pdf|
"MX| Diocese of Tlaxcala| Zacatlán, Puebla, Mexico@en|Diócesis de Tlaxcala| Zacatlán, Puebla, México@es|","Descripción de Gueytlalpa, Zacatlan, Jujupango, Matlatlan y Chila, Papantla, Tecolutla, Tenanpulco y Matlactonatico@en|Descripción de Gueytlalpa, Zacatlan, Jujupango, Matlatlan y Chila, Papantla, Tecolutla, Tenanpulco y Matlactonatico@es|","Velásquez, Joseph de (artist)| Carrion, Juan de (signer)| Velásquez, Joseph de (scribe)| Velásquez, Joseph de (interpreter)| García Icazbalceta, Joaquín,‏ ‎1825-1894 (collector)@en",1581-05-30@en,"Benson Latin American Collection, LLILAS Benson Latin American Studies and Collections, The University of Texas at Austin@en",Relaciones Geográficas of Mexico and Guatemala@en,https://txarchives.org/utlac/finding_aids/00056.xml@en,JGI XXIV-5@en,maps (documents)| mapas| cartographic| maps (documents)| mapas| landscapes (representations)| paisajes (representación)| watercolors (paintings)| acuarelas (obra visual)@en,maps (documents)@en|mapas@es|,maps (documents)| landscapes (representations)| watercolors (paintings)@en|mapas| paisajes (representación)| acuarelas (obra visual)@es|,"1 map, 21.5 x 31 cm@en",Spanish| spa@en,"Art--16th century--New Spain| Indigenous peoples--Mexico--Art| Indigenous peoples--Mexico--History--Sources| Manuscripts, Mexican| New Spain--Description and travel| New Spain--History--Sources| New Spain--Maps, Manuscript| Spain--Colonies--History--Sources| Mexico--History--16th century--Sources@en|Arte--Siglo XVI--Nueva España| Pueblos indígenas--México--Arte| Pueblos indígenas--México--Historia--Fuentes| Manuscritos, Mexicanos| Nueva España--Descripción y viaje| Nueva España--Historia--Fuentes| Nueva España--Mapas, Manuscritos| España--Colonias--Historia--Fuentes| México--Historia--Siglo XVI--Fuentes@es|",16th century@en,Mexico (country)| Puebla (state)| Zacatlán (city)@en,MX@en,"19.931958, -97.960259@en",utblac:929d3c16-f31f-49a8-910d-71b34cada1e4@en,JGI_XXIV-05_Zacatlan_map@en,Joaquín García Icazbalceta Manuscript Collection (title)| https://txarchives.org/utlac/finding_aids/00036.xml (uri)@en,Relación de Hueytlalpa (title)| https://collections.lib.utexas.edu/catalog/utblac:c967a6e3-9bc2-45b9-91ce-4a9f1792f830 (uri)@en,Pintura de Zacatlan@es|Pintura de Zacatlan@en|,"Visual representation of Zacatlan, located in the Diocese of Tlaxcala. Created by Joseph de Velásquez, the map illustrates the administrative center of Zacatlan and the surrounding communities. Centered on the map is the town of Zacatlan and its church which is connected by roads to the outlying communities. Fifteen communities are represented with traditional houses, but none are labeled on the map. A river is drawn prominently near to Zacatlan along with several plants and a glyph representing the town. Also visible is a prominent fountain near to the church of Zacatlan and a secondary river on the lower half of the map. Created in response to question ten listed within the relación geográfica questionnaire for Hueytlalpa.@en",https://creativecommons.org/publicdomain/mark/1.0/@en,utblac:929d3c16-f31f-49a8-910d-71b34cada1e4,https://curio.lib.utexas.edu/assets/DAMS/utblac/utblac_929d3c16-f31f-49a8-910d-71b34cada1e4/TN/utblac_929d3c16-f31f-49a8-910d-71b34cada1e4.jpg,https://curio.lib.utexas.edu/assets/images/utldams_utblac_929d3c16-f31f-49a8-910d-71b34cada1e4.jp2,https://curio.lib.utexas.edu/assets/images/utldams_utblac_929d3c16-f31f-49a8-910d-71b34cada1e4.jp2,2022-01-14,https://curio.lib.utexas.edu/assets/DAMS/utblac/utblac_929d3c16-f31f-49a8-910d-71b34cada1e4/manifests/2/utblac_929d3c16-f31f-49a8-910d-71b34cada1e4.json,PDF@https://curio.lib.utexas.edu/assets/DAMS/utblac/utblac_929d3c16-f31f-49a8-910d-71b34cada1e4/PDF/utblac_929d3c16-f31f-49a8-910d-71b34cada1e4.pdf|
"MX| Diocese of Tlaxcala| Tecolutla, Veracruz, Mexico@en|Diócesis de Tlaxcala| Tecolutla, Veracruz, México@es|","Descripción de Gueytlalpa, Zacatlan, Jujupango, Matlatlan y Chila, Papantla, Tecolutla, Tenanpulco y Matlactonatico@en|Descripción de Gueytlalpa, Zacatlan, Jujupango, Matlatlan y Chila, Papantla, Tecolutla, Tenanpulco y Matlactonatico@es|","Velásquez, Joseph de (artist)| Carrion, Juan de (signer)| Velásquez, Joseph de (scribe)| Velásquez, Joseph de (interpreter)| García Icazbalceta, Joaquín,‏ ‎1825-1894 (collector)@en",1581-05-30@en,"Benson Latin American Collection, LLILAS Benson Latin American Studies and Collections, The University of Texas at Austin@en",Relaciones Geográficas of Mexico and Guatemala@en,https://txarchives.org/utlac/finding_aids/00056.xml@en,JGI XXIV-5@en,maps (documents)| mapas| cartographic| maps (documents)| mapas| landscapes (representations)| paisajes (representación)| watercolors (paintings)| acuarelas (obra visual)@en,maps (documents)@en|mapas@es|,maps (documents)| landscapes (representations)| watercolors (paintings)@en|mapas| paisajes (representación)| acuarelas (obra visual)@es|,"1 map, 21.5 x 31 cm@en",Spanish| spa@en,"Art--16th century--New Spain| Indigenous peoples--Mexico--Art| Indigenous peoples--Mexico--History--Sources| Manuscripts, Mexican| New Spain--Description and travel| New Spain--History--Sources| New Spain--Maps, Manuscript| Spain--Colonies--History--Sources| Mexico--History--16th century--Sources@en|Arte--Siglo XVI--Nueva España| Pueblos indígenas--México--Arte| Pueblos indígenas--México--Historia--Fuentes| Manuscritos, Mexicanos| Nueva España--Descripción y viaje| Nueva España--Historia--Fuentes| Nueva España--Mapas, Manuscritos| España--Colonias--Historia--Fuentes| México--Historia--Siglo XVI--Fuentes@es|",16th century@en,Mexico (country)| Veracruz (state)| Tecolutla (city)@en,MX@en,"20.477139, -97.00846@en",utblac:28734f55-c00f-4426-b517-6052fd2145ba@en,JGI_XXIV-05_Tecolutla_map@en,Joaquín García Icazbalceta Manuscript Collection (title)| https://txarchives.org/utlac/finding_aids/00036.xml (uri)@en,Relación de Hueytlalpa (title)| https://collections.lib.utexas.edu/catalog/utblac:c967a6e3-9bc2-45b9-91ce-4a9f1792f830 (uri)@en,Pintura de Tecolutla@es|Pintura de Tecolutla@en|,"Visual representation of Tecolutla, located in the Diocese of Tlaxcala. Created by Joseph de Velásquez, the map illustrates the port town of Tecolutla and the surrounding area. A cow is featured prominently on the map signifying that this area is one of agriculture and cow pastures. 6 traditional houses are also shown along with a large river labeled as Río de San Pedro y San Pablo (Río Tecolutla). At the bottom of the map the Mar del Norte (Gulf of Mexico) is depicted with a boat and a label saying that the people in this area are fishermen. Created in response to question ten listed within the relación geográfica questionnaire for Hueytlalpa.@en",https://creativecommons.org/publicdomain/mark/1.0/@en,utblac:28734f55-c00f-4426-b517-6052fd2145ba,https://curio.lib.utexas.edu/assets/DAMS/utblac/utblac_28734f55-c00f-4426-b517-6052fd2145ba/TN/utblac_28734f55-c00f-4426-b517-6052fd2145ba.jpg,https://curio.lib.utexas.edu/assets/images/utldams_utblac_28734f55-c00f-4426-b517-6052fd2145ba.jp2,https://curio.lib.utexas.edu/assets/images/utldams_utblac_28734f55-c00f-4426-b517-6052fd2145ba.jp2,2022-01-14,https://curio.lib.utexas.edu/assets/DAMS/utblac/utblac_28734f55-c00f-4426-b517-6052fd2145ba/manifests/2/utblac_28734f55-c00f-4426-b517-6052fd2145ba.json,PDF@https://curio.lib.utexas.edu/assets/DAMS/utblac/utblac_28734f55-c00f-4426-b517-6052fd2145ba/PDF/utblac_28734f55-c00f-4426-b517-6052fd2145ba.pdf|
"MX| Diocese of Tlaxcala| Chila, Puebla, Mexico@en|Diócesis de Tlaxcala| Chila, Puebla, México@es|","Descripción de Gueytlalpa, Zacatlan, Jujupango, Matlatlan y Chila, Papantla, Tecolutla, Tenanpulco y Matlactonatico@en|Descripción de Gueytlalpa, Zacatlan, Jujupango, Matlatlan y Chila, Papantla, Tecolutla, Tenanpulco y Matlactonatico@es|","Velásquez, Joseph de (artist)| Carrion, Juan de (signer)| Velásquez, Joseph de (scribe)| Velásquez, Joseph de (interpreter)| García Icazbalceta, Joaquín,‏ ‎1825-1894 (collector)@en",1581-05-30@en,"Benson Latin American Collection, LLILAS Benson Latin American Studies and Collections, The University of Texas at Austin@en",Relaciones Geográficas of Mexico and Guatemala@en,https://txarchives.org/utlac/finding_aids/00056.xml@en,JGI XXIV-5@en,maps (documents)| mapas| cartographic| maps (documents)| mapas| landscapes (representations)| paisajes (representación)| watercolors (paintings)| acuarelas (obra visual)@en,maps (documents)@en|mapas@es|,maps (documents)| landscapes (representations)| watercolors (paintings)@en|mapas| paisajes (representación)| acuarelas (obra visual)@es|,"1 map, 21.5 x 31 cm@en",Spanish| spa@en,"Art--16th century--New Spain| Indigenous peoples--Mexico--Art| Indigenous peoples--Mexico--History--Sources| Manuscripts, Mexican| New Spain--Description and travel| New Spain--History--Sources| New Spain--Maps, Manuscript| Spain--Colonies--History--Sources| Mexico--History--16th century--Sources@en|Arte--Siglo XVI--Nueva España| Pueblos indígenas--México--Arte| Pueblos indígenas--México--Historia--Fuentes| Manuscritos, Mexicanos| Nueva España--Descripción y viaje| Nueva España--Historia--Fuentes| Nueva España--Mapas, Manuscritos| España--Colonias--Historia--Fuentes| México--Historia--Siglo XVI--Fuentes@es|",16th century@en,Mexico (country)| Puebla (state)| Chila (city)@en,MX@en,"17.970267, -97.860806@en",utblac:e783be03-6c1a-4c1c-9893-7c568ef18d87@en,JGI_XXIV-05_MatlatlanChila_map@en,Joaquín García Icazbalceta Manuscript Collection (title)| https://txarchives.org/utlac/finding_aids/00036.xml (uri)@en,Relación de Hueytlalpa (title)| https://collections.lib.utexas.edu/catalog/utblac:c967a6e3-9bc2-45b9-91ce-4a9f1792f830 (uri)@en,Pintura de Matlatlan y Chila@es|Pintura de Matlatlan y Chila@en|,"Visual representation of Matlatlan y Chila, located in the Diocese of Tlaxcala. Created by Joseph de Velásquez, the map illustrates the administrative centers of Matlatlan and Chila and their surrounding communities. Centered on the map are the two towns of Matlatlan and Chila with their corresponding glyphs. Chila is depicted with a toponym of a chile pepper. A river divides the two administrative centers, essentially dividing the map in two parts: Chila on the top part with its eight surrounding communities and Matlatlan on the lower part with its seven surrounding communities. Created in response to question ten listed within the relación geográfica questionnaire for Hueytlalpa.@en",https://creativecommons.org/publicdomain/mark/1.0/@en,utblac:e783be03-6c1a-4c1c-9893-7c568ef18d87,https://curio.lib.utexas.edu/assets/DAMS/utblac/utblac_e783be03-6c1a-4c1c-9893-7c568ef18d87/TN/utblac_e783be03-6c1a-4c1c-9893-7c568ef18d87.jpg,https://curio.lib.utexas.edu/assets/images/utldams_utblac_e783be03-6c1a-4c1c-9893-7c568ef18d87.jp2,https://curio.lib.utexas.edu/assets/images/utldams_utblac_e783be03-6c1a-4c1c-9893-7c568ef18d87.jp2,2022-01-14,https://curio.lib.utexas.edu/assets/DAMS/utblac/utblac_e783be03-6c1a-4c1c-9893-7c568ef18d87/manifests/2/utblac_e783be03-6c1a-4c1c-9893-7c568ef18d87.json,PDF@https://curio.lib.utexas.edu/assets/DAMS/utblac/utblac_e783be03-6c1a-4c1c-9893-7c568ef18d87/PDF/utblac_e783be03-6c1a-4c1c-9893-7c568ef18d87.pdf|
"MX| Diocese of Tlaxcala| Tenampulco, Puebla, Mexico@en|Diócesis de Tlaxcala| Tenampulco, Puebla, México@es|","Descripción de Gueytlalpa, Zacatlan, Jujupango, Matlatlan y Chila, Papantla, Tecolutla, Tenanpulco y Matlactonatico@en|Descripción de Gueytlalpa, Zacatlan, Jujupango, Matlatlan y Chila, Papantla, Tecolutla, Tenanpulco y Matlactonatico@es|","Velásquez, Joseph de (artist)| Carrion, Juan de (signer)| Velásquez, Joseph de (scribe)| Velásquez, Joseph de (interpreter)| García Icazbalceta, Joaquín,‏ ‎1825-1894 (collector)@en",1581-05-30@en,"Benson Latin American Collection, LLILAS Benson Latin American Studies and Collections, The University of Texas at Austin@en",Relaciones Geográficas of Mexico and Guatemala@en,https://txarchives.org/utlac/finding_aids/00056.xml@en,JGI XXIV-5@en,maps (documents)| mapas| cartographic| maps (documents)| mapas| landscapes (representations)| paisajes (representación)| watercolors (paintings)| acuarelas (obra visual)@en,maps (documents)@en|mapas@es|,maps (documents)| landscapes (representations)| watercolors (paintings)@en|mapas| paisajes (representación)| acuarelas (obra visual)@es|,"1 map, 21.5 x 31 cm@en",Spanish| spa@en,"Art--16th century--New Spain| Indigenous peoples--Mexico--Art| Indigenous peoples--Mexico--History--Sources| Manuscripts, Mexican| New Spain--Description and travel| New Spain--History--Sources| New Spain--Maps, Manuscript| Spain--Colonies--History--Sources| Mexico--History--16th century--Sources@en|Arte--Siglo XVI--Nueva España| Pueblos indígenas--México--Arte| Pueblos indígenas--México--Historia--Fuentes| Manuscritos, Mexicanos| Nueva España--Descripción y viaje| Nueva España--Historia--Fuentes| Nueva España--Mapas, Manuscritos| España--Colonias--Historia--Fuentes| México--Historia--Siglo XVI--Fuentes@es|",16th century@en,Mexico (country)| Puebla (state)| Tenampulco (city)@en,MX@en,"20.171199, -97.405858@en",utblac:d3b0a22d-e861-4ccd-a7df-b2be938c1b00@en,JGI_XXIV-05_TenanpulcoMatlactonatico_map@en,Joaquín García Icazbalceta Manuscript Collection (title)| https://txarchives.org/utlac/finding_aids/00036.xml (uri)@en,Relación de Hueytlalpa (title)| https://collections.lib.utexas.edu/catalog/utblac:c967a6e3-9bc2-45b9-91ce-4a9f1792f830 (uri)@en,Pintura de Tenanpulco y Matlactonatico@es|Pintura de Tenanpulco y Matlactonatico@en|,"Visual representation of Tenanpulco y Matlactonatico, located in Diocese of Tlaxcala. Created by Joseph de Velásquez, the map illustrates the towns of Tenanpulco and Matlactonatico and their surrounding communities. Both Tenanpulco and Matlactonatico are labeled and shown with rock foundations and a glyph while the four other surrounding towns are unlabeled. Also seen on the map is a prominent river towards the bottom and a drawing of a large cow with a label saying that this area is one of cow pastures. Created in response to question ten listed within the relación geográfica questionnaire for Hueytlalpa.@en",https://creativecommons.org/publicdomain/mark/1.0/@en,utblac:d3b0a22d-e861-4ccd-a7df-b2be938c1b00,https://curio.lib.utexas.edu/assets/DAMS/utblac/utblac_d3b0a22d-e861-4ccd-a7df-b2be938c1b00/TN/utblac_d3b0a22d-e861-4ccd-a7df-b2be938c1b00.jpg,https://curio.lib.utexas.edu/assets/images/utldams_utblac_d3b0a22d-e861-4ccd-a7df-b2be938c1b00.jp2,https://curio.lib.utexas.edu/assets/images/utldams_utblac_d3b0a22d-e861-4ccd-a7df-b2be938c1b00.jp2,2022-01-14,https://curio.lib.utexas.edu/assets/DAMS/utblac/utblac_d3b0a22d-e861-4ccd-a7df-b2be938c1b00/manifests/2/utblac_d3b0a22d-e861-4ccd-a7df-b2be938c1b00.json,PDF@https://curio.lib.utexas.edu/assets/DAMS/utblac/utblac_d3b0a22d-e861-4ccd-a7df-b2be938c1b00/PDF/utblac_d3b0a22d-e861-4ccd-a7df-b2be938c1b00.pdf|
"MX| Diocese of Tlaxcala| Hueytlalpan, Puebla, Mexico@en|Diócesis de Tlaxcala| Hueytlalpan, Puebla, México@es|","Descripción de Gueytlalpa (Zacatlan, Jujupango, Matlatlan y Chila, Papantla, Tecolutla, Tenanpulco y Matlactonatico)@en|Descripción de Gueytlalpa (Zacatlan, Jujupango, Matlatlan y Chila, Papantla, Tecolutla, Tenanpulco y Matlactonatico)@es|","Velásquez, Joseph de (artist)| Carrion, Juan de (signer)| Velásquez, Joseph de (scribe)| Velásquez, Joseph de (interpreter)| García Icazbalceta, Joaquín,‏ ‎1825-1894 (collector)@en",1581-05-30@en,"Benson Latin American Collection, LLILAS Benson Latin American Studies and Collections, The University of Texas at Austin@en",Relaciones Geográficas of Mexico and Guatemala@en,https://txarchives.org/utlac/finding_aids/00056.xml@en,JGI XXIV-5@en,maps (documents)| mapas| cartographic| maps (documents)| mapas| landscapes (representations)| paisajes (representación)| watercolors (paintings)| acuarelas (obra visual)@en,maps (documents)@en|mapas@es|,maps (documents)| landscapes (representations)| watercolors (paintings)@en|mapas| paisajes (representación)| acuarelas (obra visual)@es|,"1 map, 21.5 x 31 cm@en",Spanish| spa@en,"Art--16th century--New Spain| Indigenous peoples--Mexico--Art| Indigenous peoples--Mexico--History--Sources| Manuscripts, Mexican| New Spain--Description and travel| New Spain--History--Sources| New Spain--Maps, Manuscript| Spain--Colonies--History--Sources| Mexico--History--16th century--Sources@en|Arte--Siglo XVI--Nueva España| Pueblos indígenas--México--Arte| Pueblos indígenas--México--Historia--Fuentes| Manuscritos, Mexicanos| Nueva España--Descripción y viaje| Nueva España--Historia--Fuentes| Nueva España--Mapas, Manuscritos| España--Colonias--Historia--Fuentes| México--Historia--Siglo XVI--Fuentes@es|",16th century@en,Mexico (country)| Puebla (state)| Hueytlalpan (city)@en,MX@en,"20.026808, -97.696745@en",utblac:9abf4616-db21-4905-affb-54b77b89c501@en,JGI_XXIV-05_Hueytlalpa_map@en,Joaquín García Icazbalceta Manuscript Collection (title)| https://txarchives.org/utlac/finding_aids/00036.xml (uri)@en,Relación de Hueytlalpa (title)| https://collections.lib.utexas.edu/catalog/utblac:c967a6e3-9bc2-45b9-91ce-4a9f1792f830 (uri)@en,Pintura de Hueytlalpa@es|Pintura de Hueytlalpa@en|,"Visual representation of Hueytlalpa, located in the Diocese of Tlaxcala. Created by Joseph de Velásquez, the map illustrates the administrative center of Hueytlalpa and the surrounding communities. Centered on the map is the town of Hueytlalpa and its church which is connected by roads to the outlying communities. Twenty communities are represented with traditional houses, but none are labeled on the map. A river is visible on the left of the map along with a water source near the principal church of Hueytlalpa. Created in response to question ten listed within the relación geográfica questionnaire for Hueytlalpa.@en",https://creativecommons.org/publicdomain/mark/1.0/@en,utblac:9abf4616-db21-4905-affb-54b77b89c501,https://curio.lib.utexas.edu/assets/DAMS/utblac/utblac_9abf4616-db21-4905-affb-54b77b89c501/TN/utblac_9abf4616-db21-4905-affb-54b77b89c501.jpg,https://curio.lib.utexas.edu/assets/images/utldams_utblac_9abf4616-db21-4905-affb-54b77b89c501.jp2,https://curio.lib.utexas.edu/assets/images/utldams_utblac_9abf4616-db21-4905-affb-54b77b89c501.jp2,2022-01-14,https://curio.lib.utexas.edu/assets/DAMS/utblac/utblac_9abf4616-db21-4905-affb-54b77b89c501/manifests/2/utblac_9abf4616-db21-4905-affb-54b77b89c501.json,PDF@https://curio.lib.utexas.edu/assets/DAMS/utblac/utblac_9abf4616-db21-4905-affb-54b77b89c501/PDF/utblac_9abf4616-db21-4905-affb-54b77b89c501.pdf|
"MX| Diocese of Tlaxcala| Papantla de Olarte, Veracruz, Mexico@en|Diócesis de Tlaxcala| Papantla de Olarte, Veracruz, México@es|","Descripción de Gueytlalpa, Zacatlan, Jujupango, Matlatlan y Chila, Papantla, Tecolutla, Tenanpulco y Matlactonatico@en|Descripción de Gueytlalpa, Zacatlan, Jujupango, Matlatlan y Chila, Papantla, Tecolutla, Tenanpulco y Matlactonatico@es|","Velásquez, Joseph de (artist)| Carrion, Juan de (signer)| Velásquez, Joseph de (scribe)| Velásquez, Joseph de (interpreter)| García Icazbalceta, Joaquín,‏ ‎1825-1894 (collector)@en",1581-05-30@en,"Benson Latin American Collection, LLILAS Benson Latin American Studies and Collections, The University of Texas at Austin@en",Relaciones Geográficas of Mexico and Guatemala@en,https://txarchives.org/utlac/finding_aids/00056.xml@en,JGI XXIV-5@en,maps (documents)| mapas| cartographic| maps (documents)| mapas| landscapes (representations)| paisajes (representación)| watercolors (paintings)| acuarelas (obra visual)@en,maps (documents)@en|mapas@es|,maps (documents)| landscapes (representations)| watercolors (paintings)@en|mapas| paisajes (representación)| acuarelas (obra visual)@es|,"1 map, 21.5 x 31 cm@en",Spanish| spa@en,"Art--16th century--New Spain| Indigenous peoples--Mexico--Art| Indigenous peoples--Mexico--History--Sources| Manuscripts, Mexican| New Spain--Description and travel| New Spain--History--Sources| New Spain--Maps, Manuscript| Spain--Colonies--History--Sources| Mexico--History--16th century--Sources@en|Arte--Siglo XVI--Nueva España| Pueblos indígenas--México--Arte| Pueblos indígenas--México--Historia--Fuentes| Manuscritos, Mexicanos| Nueva España--Descripción y viaje| Nueva España--Historia--Fuentes| Nueva España--Mapas, Manuscritos| España--Colonias--Historia--Fuentes| México--Historia--Siglo XVI--Fuentes@es|",16th century@en,Mexico (country)| Veracruz (state)| Papantla de Olarte (city)@en,MX@en,"20.446642, -97.322151@en",utblac:627cf1b7-9f91-4df6-8101-c5a8b5e55272@en,JGI_XXIV-05_Papantla_map@en,Joaquín García Icazbalceta Manuscript Collection (title)| https://txarchives.org/utlac/finding_aids/00036.xml (uri)@en,Relación de Hueytlalpa (title)| https://collections.lib.utexas.edu/catalog/utblac:c967a6e3-9bc2-45b9-91ce-4a9f1792f830 (uri)@en,Pintura de Papantla@es|Pintura de Papantla@en|,"Visual representation of Papantla, located in the Diocese of Tlaxcala. Created by Joseph de Velásquez, the map illustrates the administrative center of Papantla and the surrounding communities. Centered on the left side of the map is the town of Papantla which is connected by roads to the outlying communities. Three communities are represented with traditional houses, but none are labeled on the map. Papantla is depicted with a glyph and a toponym of a bird. Created in response to question ten listed within the relación geográfica questionnaire for Hueytlalpa.@en",https://creativecommons.org/publicdomain/mark/1.0/@en,utblac:627cf1b7-9f91-4df6-8101-c5a8b5e55272,https://curio.lib.utexas.edu/assets/DAMS/utblac/utblac_627cf1b7-9f91-4df6-8101-c5a8b5e55272/TN/utblac_627cf1b7-9f91-4df6-8101-c5a8b5e55272.jpg,https://curio.lib.utexas.edu/assets/images/utldams_utblac_627cf1b7-9f91-4df6-8101-c5a8b5e55272.jp2,https://curio.lib.utexas.edu/assets/images/utldams_utblac_627cf1b7-9f91-4df6-8101-c5a8b5e55272.jp2,2022-01-14,https://curio.lib.utexas.edu/assets/DAMS/utblac/utblac_627cf1b7-9f91-4df6-8101-c5a8b5e55272/manifests/2/utblac_627cf1b7-9f91-4df6-8101-c5a8b5e55272.json,PDF@https://curio.lib.utexas.edu/assets/DAMS/utblac/utblac_627cf1b7-9f91-4df6-8101-c5a8b5e55272/PDF/utblac_627cf1b7-9f91-4df6-8101-c5a8b5e55272.pdf|
"MX| Diocese of Tlaxcala| San Miguel Jojupango, Puebla, Mexico@en|Diócesis de Tlaxcala| San Miguel Jojupango, Puebla, México@es|","Descripción de Gueytlalpa, Zacatlan, Jujupango, Matlatlan y Chila, Papantla, Tecolutla, Tenanpulco y Matlactonatico@en|Descripción de Gueytlalpa, Zacatlan, Jujupango, Matlatlan y Chila, Papantla, Tecolutla, Tenanpulco y Matlactonatico@es|","Velásquez, Joseph de (artist)| Carrion, Juan de (signer)| Velásquez, Joseph de (scribe)| Velásquez, Joseph de (interpreter)| García Icazbalceta, Joaquín,‏ ‎1825-1894 (collector)@en",1581-05-30@en,"Benson Latin American Collection, LLILAS Benson Latin American Studies and Collections, The University of Texas at Austin@en",Relaciones Geográficas of Mexico and Guatemala@en,https://txarchives.org/utlac/finding_aids/00056.xml@en,JGI XXIV-5@en,maps (documents)| mapas| cartographic| maps (documents)| mapas| landscapes (representations)| paisajes (representación)| watercolors (paintings)| acuarelas (obra visual)@en,maps (documents)@en|mapas@es|,maps (documents)| landscapes (representations)| watercolors (paintings)@en|mapas| paisajes (representación)| acuarelas (obra visual)@es|,"1 map, 21.5 x 31 cm@en",Spanish| spa@en,"Art--16th century--New Spain| Indigenous peoples--Mexico--Art| Indigenous peoples--Mexico--History--Sources| Manuscripts, Mexican| New Spain--Description and travel| New Spain--History--Sources| New Spain--Maps, Manuscript| Spain--Colonies--History--Sources| Mexico--History--16th century--Sources@en|Arte--Siglo XVI--Nueva España| Pueblos indígenas--México--Arte| Pueblos indígenas--México--Historia--Fuentes| Manuscritos, Mexicanos| Nueva España--Descripción y viaje| Nueva España--Historia--Fuentes| Nueva España--Mapas, Manuscritos| España--Colonias--Historia--Fuentes| México--Historia--Siglo XVI--Fuentes@es|",16th century@en,Mexico (country)| Puebla (state)| San Miguel Jojupango (city)@en,MX@en,"20.096289, -97.771694@en",utblac:874cc4b5-f987-4987-a640-b60133be3d07@en,JGI_XXIV-05_Jujupango_map@en,Joaquín García Icazbalceta Manuscript Collection (title)| https://txarchives.org/utlac/finding_aids/00036.xml (uri)@en,Relación de Hueytlalpa (title)| https://collections.lib.utexas.edu/catalog/utblac:c967a6e3-9bc2-45b9-91ce-4a9f1792f830 (uri)@en,Pintura de Jujupango@es|Pintura de Jujupango@en|,"Visual representation of Jujupango, located in the Diocese of Tlaxcala. Created by Joseph de Velásquez, the map illustrates the administrative center of Jujupango along with the named surrounding communities of Amiztlan, Coayango, Quauhtotola (Quatotola), and Tecpatlan. Each town is depicted with a corresponding glyph and toponym. Roads connecting the towns are visible on the map as well as a couple of water sources. Created in response to question ten listed within the relación geográfica questionnaire for Hueytlalpa.@en",https://creativecommons.org/publicdomain/mark/1.0/@en,utblac:874cc4b5-f987-4987-a640-b60133be3d07,https://curio.lib.utexas.edu/assets/DAMS/utblac/utblac_874cc4b5-f987-4987-a640-b60133be3d07/TN/utblac_874cc4b5-f987-4987-a640-b60133be3d07.jpg,https://curio.lib.utexas.edu/assets/images/utldams_utblac_874cc4b5-f987-4987-a640-b60133be3d07.jp2,https://curio.lib.utexas.edu/assets/images/utldams_utblac_874cc4b5-f987-4987-a640-b60133be3d07.jp2,2022-01-14,https://curio.lib.utexas.edu/assets/DAMS/utblac/utblac_874cc4b5-f987-4987-a640-b60133be3d07/manifests/2/utblac_874cc4b5-f987-4987-a640-b60133be3d07.json,PDF@https://curio.lib.utexas.edu/assets/DAMS/utblac/utblac_874cc4b5-f987-4987-a640-b60133be3d07/PDF/utblac_874cc4b5-f987-4987-a640-b60133be3d07.pdf|
"MX| Archdiocese of Mexico| Iztapalapa, Mexico City, Mexico@en|Arquidiócesis de México| Iztapalapa, México City, México@es|",Descripción de Iztapalapa@en|Descripción de Iztapalapa@es|,"Cano, Martín (artist)| Gallegos, Gonzalo (signer)| Loya, Francisco de (scribe)| Acebo, Gaspar de (scribe)| García Icazbalceta, Joaquín,‏ ‎1825-1894 (collector)@en",1580-01-31@en,"Benson Latin American Collection, LLILAS Benson Latin American Studies and Collections, The University of Texas at Austin@en",Relaciones Geográficas of Mexico and Guatemala@en,https://txarchives.org/utlac/finding_aids/00056.xml@en,JGI XXIV-8@en,maps (documents)| mapas| cartographic| maps (documents)| mapas| landscapes (representations)| paisajes (representación)| watercolors (paintings)| acuarelas (obra visual)@en,maps (documents)@en|mapas@es|,maps (documents)| landscapes (representations)| watercolors (paintings)@en|mapas| paisajes (representación)| acuarelas (obra visual)@es|,"1 map, 42 x 31 cm@en",Spanish| spa@en,"Art--16th century--New Spain| Indigenous peoples--Mexico--Art| Indigenous peoples--Mexico--History--Sources| Manuscripts, Mexican| New Spain--Description and travel| New Spain--History--Sources| New Spain--Maps, Manuscript| Spain--Colonies--History--Sources| Mexico--History--16th century--Sources@en|Arte--Siglo XVI--Nueva España| Pueblos indígenas--México--Arte| Pueblos indígenas--México--Historia--Fuentes| Manuscritos, Mexicanos| Nueva España--Descripción y viaje| Nueva España--Historia--Fuentes| Nueva España--Mapas, Manuscritos| España--Colonias--Historia--Fuentes| México--Historia--Siglo XVI--Fuentes@es|",16th century@en,Mexico (country)| Mexico City (state)| Iztapalapa (city)@en,MX@en,"19.360932,-99.092485@en",utblac:e45a4bc1-8115-4938-879d-ac7f93fb5655@en,JGI_XXIV-08_Iztapalapa_map@en,Joaquín García Icazbalceta Manuscript Collection (title)| https://txarchives.org/utlac/finding_aids/00036.xml (uri)@en,Relación de Iztapalapa (title)| https://collections.lib.utexas.edu/catalog/utblac:a1d7fe6b-6f27-49c3-9818-8e0666d9dd73 (uri)@en,Pintura de Iztapalapa@es|Pintura de Iztapalapa@en|,"Visual representation of Iztapalapa, located in the Archdiocese of Mexico. Created by Martín Cano, the map illustrates the administrative capital of Iztapalapa and the surrounding communities and landscape. The principal church of Iztapalapa (San Lucas) is prominently placed near the center of the map, directly above the glyph for the city. The houses of the community are seen to the left and the principal roads to Mexico City and Cuitlahuac and Puebla are also visible. The ""Laguna grande"" (Lake Texcoco) is also seen at the upper left of the map. The surrounding communities depicted and labeled include San Cristóbal (San Cróbal), Santa María, San Juan, Santa Cruz, and San Felipe. Created in response to question ten listed within the relación geográfica questionnaire for Iztapalapa.@en",https://creativecommons.org/publicdomain/mark/1.0/@en,utblac:e45a4bc1-8115-4938-879d-ac7f93fb5655,https://curio.lib.utexas.edu/assets/DAMS/utblac/utblac_e45a4bc1-8115-4938-879d-ac7f93fb5655/TN/utblac_e45a4bc1-8115-4938-879d-ac7f93fb5655.jpg,https://curio.lib.utexas.edu/assets/images/utldams_utblac_e45a4bc1-8115-4938-879d-ac7f93fb5655.jp2,https://curio.lib.utexas.edu/assets/images/utldams_utblac_e45a4bc1-8115-4938-879d-ac7f93fb5655.jp2,2022-01-14,https://curio.lib.utexas.edu/assets/DAMS/utblac/utblac_e45a4bc1-8115-4938-879d-ac7f93fb5655/manifests/2/utblac_e45a4bc1-8115-4938-879d-ac7f93fb5655.json,PDF@https://curio.lib.utexas.edu/assets/DAMS/utblac/utblac_e45a4bc1-8115-4938-879d-ac7f93fb5655/PDF/utblac_e45a4bc1-8115-4938-879d-ac7f93fb5655.pdf|
